"year","mun","cont","kg"
2022,"Abánades",2,6274
2022,"Ablanque",1,1625
2022,"Adobes",1,758
2022,"Alaminos",2,2923
2022,"Alarilla",3,3378
2022,"Albalate de Zorita",5,2411
2022,"Albares",2,7956
2022,"Albendiego",1,2017
2022,"Alcocer",4,8244
2022,"Alcolea de las Peñas",1,1200
2022,"Alcolea del Pinar",7,4886
2022,"Alcoroches",3,4881
2022,"Aldeanueva de Guadalajara",2,3773
2022,"Algar de Mesa",1,871
2022,"Algora",2,3806
2022,"Alhóndiga",2,4556
2022,"Alique",1,1788
2022,"Almadrones",4,4556
2022,"Almoguera",3,5860
2022,"Almonacid de Zorita",5,4700
2022,"Alocén",1,3188
2022,"Alovera",32,119263
2022,"Alustante",4,5622
2022,"Angón",1,3198
2022,"Anguita",5,4404
2022,"Anquela del Ducado",2,1469
2022,"Anquela del Pedregal",1,2209
2022,"Aranzueque",5,4259
2022,"Arbancón",2,2701
2022,"Arbeteta",2,2445
2022,"Argecilla",3,2315
2022,"Armallones",1,1104
2022,"Armuña de Tajuña",4,5443
2022,"Arroyo de las Fraguas",1,1096
2022,"Atanzón",3,5138
2022,"Atienza",3,4462
2022,"Auñón",4,3454
2022,"Azuqueca de Henares",86,319277
2022,"Baides",3,1858
2022,"Baños de Tajo",1,550
2022,"Bañuelos",1,964
2022,"Barriopedro",1,2343
2022,"Berninches",4,2737
2022,"Bodera, La",1,1922
2022,"Brihuega",38,52532
2022,"Budia",4,6164
2022,"Bujalaro",1,1077
2022,"Bustares",1,2098
2022,"Cabanillas del Campo",51,99534
2022,"Campillo de Dueñas",2,3385
2022,"Campillo de Ranas",8,15376
2022,"Campisábalos",2,2486
2022,"Cañizar",1,1433
2022,"Canredondo",1,1801
2022,"Cantalojas",3,4760
2022,"Cardoso de la Sierra, El",3,2088
2022,"Casa de Uceda",1,2514
2022,"Casar, El",47,156618
2022,"Casas de San Galindo",1,1132
2022,"Caspueñas",5,4199
2022,"Castejón de Henares",1,1190
2022,"Castellar de la Muela",1,319
2022,"Castilforte",1,330
2022,"Castilnuevo",1,690
2022,"Cendejas de Enmedio",3,943
2022,"Cendejas de la Torre",1,788
2022,"Centenera",2,2299
2022,"Checa",3,2891
2022,"Chequilla",1,557
2022,"Chillarón del Rey",2,1908
2022,"Chiloeches",24,35011
2022,"Cifuentes",28,39334
2022,"Cincovillas",1,683
2022,"Ciruelas",2,3994
2022,"Ciruelos del Pinar",1,2235
2022,"Cobeta",3,4444
2022,"Cogollor",1,1162
2022,"Cogolludo",9,10418
2022,"Condemios de Abajo",1,948
2022,"Condemios de Arriba",3,2973
2022,"Congostrina",1,1877
2022,"Copernal",1,1125
2022,"Corduente",12,9809
2022,"Cubillo de Uceda, El",2,3146
2022,"Driebes",3,3595
2022,"Durón",2,4144
2022,"Embid",1,837
2022,"Escamilla",1,1140
2022,"Escariche",3,2469
2022,"Escopete",2,1378
2022,"Espinosa de Henares",10,9975
2022,"Esplegares",1,1062
2022,"Establés",2,2472
2022,"Estriégana",1,5353
2022,"Fontanar",16,23295
2022,"Fuembellida",1,182
2022,"Fuencemillán",1,1821
2022,"Fuentelahiguera de Albatages",1,2074
2022,"Fuentelencina",2,2660
2022,"Fuentelsaz",1,1760
2022,"Fuentelviejo",2,2033
2022,"Fuentenovilla",2,3810
2022,"Gajanejos",3,2978
2022,"Galápagos",13,24344
2022,"Galve de Sorbe",4,2010
2022,"Gascueña de Bornova",1,690
2022,"Guadalajara",239,978101
2022,"Henche",1,1412
2022,"Heras de Ayuso",2,2252
2022,"Herrería",1,434
2022,"Hiendelaencina",3,6020
2022,"Hijes",1,1328
2022,"Hita",6,6756
2022,"Hombrados",1,881
2022,"Hontoba",8,10485
2022,"Horche",14,22919
2022,"Hortezuela de Océn",1,742
2022,"Huerce, La",2,1546
2022,"Huérmeces del Cerro",1,1332
2022,"Huertahernando",2,3413
2022,"Hueva",2,1503
2022,"Humanes",20,22519
2022,"Illana",8,18842
2022,"Iniéstola",1,622
2022,"Inviernas, Las",1,915
2022,"Irueste",1,2376
2022,"Jadraque",18,26831
2022,"Jirueque",1,1296
2022,"Ledanca",6,5700
2022,"Loranca de Tajuña",6,13883
2022,"Lupiana",4,4649
2022,"Luzaga",1,2256
2022,"Luzón",2,2112
2022,"Majaelrayo",2,4272
2022,"Málaga del Fresno",2,3860
2022,"Malaguilla",3,3378
2022,"Mandayona",3,7207
2022,"Mantiel",2,649
2022,"Maranchón",6,6687
2022,"Marchamalo",34,72872
2022,"Masegoso de Tajuña",2,2340
2022,"Matarrubia",2,3297
2022,"Matillas",2,2915
2022,"Mazarete",1,2437
2022,"Mazuecos",3,4312
2022,"Medranda",1,2213
2022,"Megina",1,869
2022,"Membrillera",4,3740
2022,"Miedes de Atienza",1,600
2022,"Mierla, La",1,1298
2022,"Millana",1,3406
2022,"Milmarcos",2,3207
2022,"Miñosa, La",4,3123
2022,"Mirabueno",1,1106
2022,"Miralrío",1,819
2022,"Mochales",1,1231
2022,"Mohernando",2,2827
2022,"Molina de Aragón",13,25650
2022,"Monasterio",1,870
2022,"Mondéjar",13,22775
2022,"Montarrón",1,1126
2022,"Moratilla de los Meleros",4,4489
2022,"Morenilla",1,1467
2022,"Muduex",2,6109
2022,"Navas de Jadraque, Las",1,570
2022,"Negredo",1,642
2022,"Ocentejo",1,1961
2022,"Olivar, El",3,6601
2022,"Olmeda de Cobeta",2,1818
2022,"Olmeda de Jadraque, La",1,240
2022,"Ordial, El",2,1559
2022,"Orea",6,3359
2022,"Pálmaces de Jadraque",1,3438
2022,"Pardos",1,0
2022,"Paredes de Sigüenza",1,69
2022,"Pareja",9,21154
2022,"Pastrana",7,8722
2022,"Pedregal, El",1,0
2022,"Peñalén",1,820
2022,"Peñalver",3,2709
2022,"Peralejos de las Truchas",4,5978
2022,"Peralveche",1,1884
2022,"Pinilla de Jadraque",1,1313
2022,"Pinilla de Molina",1,807
2022,"Pioz",18,34597
2022,"Piqueras",2,1232
2022,"Pobo de Dueñas, El",1,2092
2022,"Poveda de la Sierra",2,1662
2022,"Pozo de Almoguera",1,690
2022,"Pozo de Guadalajara",7,13812
2022,"Prádena de Atienza",2,1625
2022,"Prados Redondos",3,3740
2022,"Puebla de Beleña",1,1126
2022,"Puebla de Valles",2,2768
2022,"Quer",11,8575
2022,"Rebollosa de Jadraque",1,2720
2022,"Recuenco, El",1,2204
2022,"Renera",4,4065
2022,"Retiendas",1,767
2022,"Riba de Saelices",1,2895
2022,"Rillo de Gallo",3,1943
2022,"Riofrío del Llano",3,2744
2022,"Robledillo de Mohernando",3,3378
2022,"Robledo de Corpes",2,2052
2022,"Romanillos de Atienza",1,428
2022,"Romanones",2,3468
2022,"Rueda de la Sierra",2,1201
2022,"Sacecorbo",2,3302
2022,"Sacedón",14,22725
2022,"Saelices de la Sal",1,1798
2022,"Salmerón",1,1757
2022,"San Andrés del Congosto",2,2724
2022,"San Andrés del Rey",1,2297
2022,"Santiuste",1,1572
2022,"Saúca",4,446
2022,"Sayatón",1,1327
2022,"Selas",1,735
2022,"Semillas",1,1118
2022,"Setiles",1,1768
2022,"Sienes",1,1057
2022,"Sigüenza",37,88873
2022,"Solanillos del Extremo",1,1822
2022,"Somolinos",2,564
2022,"Sotillo, El",1,931
2022,"Sotodosos",1,2401
2022,"Tamajón",6,7641
2022,"Taragudo",1,1126
2022,"Taravilla",2,2375
2022,"Tartanedo",5,3679
2022,"Tendilla",5,5596
2022,"Terzaga",1,783
2022,"Tierzo",2,445
2022,"Toba, La",3,3700
2022,"Tordellego",1,1133
2022,"Tordelrábano",1,561
2022,"Tordesilos",2,1756
2022,"Torija",14,17898
2022,"Torre del Burgo",3,5368
2022,"Torrecuadrada de Molina",1,775
2022,"Torrecuadradilla",1,752
2022,"Torrejón del Rey",21,58021
2022,"Torremocha de Jadraque",1,1333
2022,"Torremocha del Campo",10,8888
2022,"Torremocha del Pinar",1,714
2022,"Torremochuela",1,686
2022,"Torrubia",1,0
2022,"Tórtola de Henares",13,14637
2022,"Tortuera",2,1003
2022,"Tortuero",1,1096
2022,"Traíd",2,1121
2022,"Trijueque",7,12866
2022,"Trillo",18,21390
2022,"Uceda",43,63674
2022,"Ujados",1,731
2022,"Utande",1,1546
2022,"Valdarachas",1,551
2022,"Valdearenas",1,1907
2022,"Valdeavellano",1,1701
2022,"Valdeaveruelo",7,15079
2022,"Valdeconcha",1,924
2022,"Valdegrudas",2,1211
2022,"Valdelcubo",1,870
2022,"Valdenuño Fernández",3,5412
2022,"Valdepeñas de la Sierra",3,7091
2022,"Valderrebollo",1,1151
2022,"Valdesotos",2,1383
2022,"Valfermoso de Tajuña",2,3566
2022,"Valhermoso",1,1298
2022,"Valtablado del Río",1,992
2022,"Valverde de los Arroyos",3,2089
2022,"Viana de Jadraque",1,1934
2022,"Villanueva de Alcorón",1,1532
2022,"Villanueva de Argecilla",1,919
2022,"Villanueva de la Torre",29,59523
2022,"Villares de Jadraque",1,1639
2022,"Villaseca de Henares",1,712
2022,"Villaseca de Uceda",1,1342
2022,"Villel de Mesa",1,3844
2022,"Viñuelas",2,0
2022,"Yebes",22,41787
2022,"Yebra",2,2386
2022,"Yélamos de Abajo",1,1934
2022,"Yélamos de Arriba",2,2639
2022,"Yunquera de Henares",15,39286
2022,"Yunta, La",1,1153
2022,"Zaorejas",2,2963
2022,"Zarzuela de Jadraque",1,1387
2022,"Zorita de los Canes",2,2334
